Aaron,Aaliyah,Abbott
Abdul,Abagail,Acevedo
Abdullah,Abbey,Acosta
Abel,Abbie,Adams
Abraham,Abbigail,Adkins
Abram,Abby,Aguilar
Adam,Abigail,Aguirre
Adan,Abigale,Alexander
Addison,Abigayle,Ali
Aditya,Abril,Allen
Adolfo,Addison,Allison
Adonis,Adeline,Alvarado
Adrian,Adriana,Alvarez
Adrien,Adrianna,Andersen
Agustin,Adrienne,Anderson
Ahmad,Aileen,Andrade
Ahmed,Aimee,Andrews
Aidan,Aisha,Anthony
Aiden,Aiyana,Archer
Alan,Alaina,Arellano
Albert,Alana,Arias
Alberto,Alanna,Armstrong
Alden,Alayna,Arnold
Aldo,Aleah,Arroyo
Alec,Alejandra,Ashley
Alejandro,Alena,Atkins
Alek,Alessandra,Atkinson
Alessandro,Alex,Austin
Alex,Alexa,Avery
Alexander,Alexandra,Avila
Alexandre,Alexandrea,Ayala
Alexandro,Alexandria,Ayers
Alexis,Alexia,Bailey
Alfonso,Alexis,Baird
Alfred,Alexus,Baker
Alfredo,Alexys,Baldwin
Ali,Ali,Ball
Allan,Alia,Ballard
Allen,Alice,Banks
Alonso,Alicia,Barajas
Alonzo,Alina,Barber
Alvaro,Alisa,Barker
Alvin,Alisha,Barnes
Amari,Alison,Barnett
Amir,Alissa,Barr
Anderson,Alivia,Barrera
Andre,Aliya,Barrett
Andreas,Aliyah,Barron
Andres,Alize,Barry
Andrew,Allie,Bartlett
Andy,Allison,Barton
Angel,Ally,Bass
Angelo,Allyson,Bates
Anthony,Allyssa,Bauer
Antoine,Alma,Bautista
Anton,Alondra,Baxter
Antonio,Alycia,Bean
Antony,Alysa,Beard
Antwan,Alysha,Beasley
Ari,Alysia,Beck
Aric,Alyson,Becker
Ariel,Alyssa,Bell
Arman,Amanda,Beltran
Armando,Amani,Bender
Armani,Amari,Benitez
Arnold,Amaya,Benjamin
Aron,Amber,Bennett
Arthur,Amelia,Benson
Arturo,America,Bentley
Asa,Amira,Benton
Asher,Amy,Berg
Ashton,Ana,Berger
Aubrey,Anahi,Bernard
August,Anastasia,Berry
Augustus,Andrea,Best
Austen,Angel,Bird
Austin,Angela,Bishop
Auston,Angelica,Black
Austyn,Angelina,Blackburn
Avery,Angelique,Blackwell
Axel,Angie,Blair
Ayden,Anika,Blake
Baby,Anissa,Blanchard
Bailey,Anita,Blankenship
Barrett,Aniya,Blevins
Barry,Aniyah,Bolton
Beau,Ann,Bond
Ben,Anna,Bonilla
Benito,Annabelle,Booker
Benjamin,Annalise,Boone
Bennett,Annamarie,Booth
Benny,Anne,Bowen
Bernard,Annette,Bowers
Bernardo,Annie,Bowman
Billy,Annika,Boyd
Blaine,Ansley,Boyer
Blaise,Antoinette,Boyle
Blake,Antonia,Bradford
Bo,Anya,Bradley
Bobby,April,Bradshaw
Brad,Araceli,Brady
Braden,Ariana,Branch
Bradford,Arianna,Brandt
Bradley,Ariel,Braun
Bradly,Arielle,Bray
Brady,Arlene,Brennan
Braeden,Armani,Brewer
Braedon,Asha,Bridges
Braiden,Ashanti,Briggs
Brandan,Ashlee,Bright
Branden,Ashleigh,Brock
Brandon,Ashley,Brooks
Brandyn,Ashlie,Brown
Branson,Ashly,Browning
Brant,Ashlyn,Bruce
Braxton,Ashlynn,Bryan
Brayan,Ashton,Bryant
Brayden,Asia,Buchanan
Braydon,Aspen,Buck
Brendan,Athena,Buckley
Brenden,Aubree,Bullock
Brendon,Aubrey,Burch
Brennan,Audra,Burgess
Brennen,Audrey,Burke
Brennon,Aurora,Burnett
Brent,Autumn,Burns
Brenton,Ava,Burton
Bret,Avery,Bush
Brett,Ayana,Butler
Brian,Ayanna,Byrd
Brice,Ayla,Cabrera
Bridger,Aylin,Cain
Brock,Baby,Calderon
Broderick,Bailee,Caldwell
Brody,Bailey,Calhoun
Bronson,Barbara,Callahan
Brooks,Baylee,Camacho
Bruce,Beatriz,Cameron
Bryan,Berenice,Campbell
Bryant,Bethany,Campos
Bryce,Beverly,Cannon
Brycen,Bianca,Cantrell
Bryson,Blair,Cantu
Byron,Blanca,Cardenas
Cade,Bonnie,Carey
Caden,Brandi,Carlson
Cale,Brandy,Carney
Caleb,Breana,Carpenter
Calvin,Breann,Carr
Camden,Breanna,Carrillo
Cameron,Breanne,Carroll
Camren,Brenda,Carson
Camron,Brenna,Carter
Carl,Breonna,Case
Carlo,Bria,Casey
Carlos,Briana,Castaneda
Carlton,Brianna,Castillo
Carson,Brianne,Castro
Carter,Bridget,Cervantes
Casey,Bridgette,Chambers
Cayden,Brielle,Chan
Cedric,Brionna,Chandler
Cesar,Britney,Chaney
Chad,Brittani,Chang
Chaim,Brittany,Chapman
Chance,Brittney,Charles
Chandler,Brook,Chase
Charles,Brooke,Chavez
Charlie,Brooklyn,Chen
Chase,Brooklynn,Cherry
Chaz,Bryana,Choi
Chris,Bryanna,Christensen
Christian,Bryn,Christian
Christopher,Brynn,Chung
Clarence,Caitlin,Church
Clark,Caitlyn,Cisneros
Clay,Caitlynn,Clark
Clayton,Caleigh,Clarke
Clifford,Cali,Clay
Clifton,Calista,Clayton
Clint,Callie,Clements
Clinton,Cameron,Cline
Coby,Camila,Cobb
Cody,Camille,Cochran
Colby,Camryn,Coffey
Cole,Candace,Cohen
Coleman,Candice,Cole
Colin,Cara,Coleman
Collin,Carina,Collier
Colt,Carissa,Collins
Colten,Carla,Colon
Colton,Carlee,Combs
Conner,Carley,Compton
Connor,Carli,Conley
Conor,Carlie,Conner
Conrad,Carly,Conrad
Cooper,Carmen,Contreras
Corbin,Carol,Conway
Cordell,Carolina,Cook
Corey,Caroline,Cooke
Cornelius,Carolyn,Cooley
Cortez,Carrie,Cooper
Cory,Carson,Copeland
Courtney,Casandra,Cordova
Craig,Casey,Cortez
Cristian,Cassandra,Costa
Cristobal,Cassidy,Cowan
Cristopher,Cassie,Cox
Cruz,Catalina,Craig
Cullen,Catherine,Crane
Curtis,Cayla,Crawford
Cyrus,Cecelia,Crosby
Dakota,Cecilia,Cross
Dakotah,Celeste,Cruz
Dale,Celia,Cuevas
Dallas,Celina,Cummings
Dallin,Celine,Cunningham
Dalton,Chana,Curry
Damian,Chandler,Curtis
Damien,Chanel,Dalton
Damion,Chantal,Daniel
Damon,Chantel,Daniels
Dandre,Charity,Daugherty
Dane,Charlene,Davenport
Dangelo,Charlotte,David
Daniel,Chasity,Davidson
Danny,Chaya,Davies
Dante,Chelsea,Davila
Daquan,Chelsey,Davis
Darian,Chelsie,Dawson
Darien,Cheyanne,Day
Darin,Cheyenne,Dean
Dario,Chloe,Decker
Darion,Christa,Delacruz
Darius,Christian,Deleon
Darnell,Christiana,Delgado
Darrell,Christina,Dennis
Darren,Christine,Diaz
Darrian,Christy,Dickerson
Darrien,Chyna,Dickson
Darrin,Ciara,Dillon
Darrion,Ciera,Dixon
Darrius,Cierra,Dodson
Darryl,Cindy,Dominguez
Daryl,Citlalli,Donaldson
Dashawn,Claire,Donovan
David,Clara,Dorsey
Davin,Clare,Dougherty
Davion,Clarissa,Douglas
Davis,Claudia,Downs
Davon,Colleen,Doyle
Davonte,Constance,Drake
Dawson,Cora,Duarte
Dayton,Corinne,Dudley
Dean,Cortney,Duffy
Deandre,Courtney,Duke
Deangelo,Cristal,Duncan
Declan,Cristina,Dunlap
Deion,Crystal,Dunn
Dejuan,Cynthia,Duran
Demarco,Daija,Durham
Demarcus,Daisha,Dyer
Demetrius,Daisy,Eaton
Dennis,Dakota,Edwards
Denver,Dalia,Elliott
Denzel,Dallas,Ellis
Deon,Damaris,Ellison
Deondre,Dana,English
Deontae,Daniela,Erickson
Deonte,Daniella,Escobar
Dequan,Danielle,Esparza
Derek,Daphne,Espinoza
Derick,Darby,Estes
Derrick,Daria,Estrada
Deshaun,Darian,Evans
Deshawn,Darlene,Everett
Desmond,Dasia,Ewing
Destin,Dawn,Farley
Devan,Dayna,Farmer
Devante,Deanna,Farrell
Deven,Deasia,Faulkner
Devin,Deborah,Ferguson
Devon,Deja,Fernandez
Devonte,Dejah,Ferrell
Devyn,Delaney,Fields
Dewayne,Delia,Figueroa
Dexter,Delilah,Finley
Diego,Denise,Fischer
Dillan,Desirae,Fisher
Dillion,Desiree,Fitzgerald
Dillon,Destany,Fitzpatrick
Dimitri,Destinee,Fleming
Dion,Destiney,Fletcher
Domenic,Destini,Flores
Dominic,Destiny,Flowers
Dominick,Devin,Floyd
Dominik,Devon,Flynn
Dominique,Devyn,Foley
Don,Diamond,Forbes
Donald,Diana,Ford
Donavan,Diane,Foster
Donavon,Dianna,Fowler
Donnie,Dominique,Fox
Donovan,Donna,Francis
Dontae,Dorothy,Franco
Donte,Drew,Frank
Dorian,Dulce,Franklin
Douglas,Ebony,Frazier
Drake,Eden,Frederick
Draven,Edith,Freeman
Drew,Eileen,French
Duane,Elaina,Frey
Duncan,Elaine,Friedman
Dustin,Eleanor,Fritz
Dwayne,Elena,Frost
Dwight,Eliana,Fry
Dylan,Elisa,Frye
Dyllan,Elisabeth,Fuentes
Dylon,Elise,Fuller
Ean,Elissa,Gaines
Earl,Eliza,Gallagher
Easton,Elizabeth,Gallegos
Eddie,Ella,Galloway
Edgar,Ellen,Galvan
Eduardo,Ellie,Gamble
Edward,Elsa,Garcia
Edwin,Elyse,Gardner
Efrain,Elyssa,Garner
Efren,Emely,Garrett
Eli,Emerald,Garrison
Elias,Emilee,Garza
Elijah,Emilia,Gates
Eliseo,Emilie,Gay
Elisha,Emily,Gentry
Elliot,Emma,George
Elliott,Emmalee,Gibbs
Ellis,Erica,Gibson
Elmer,Ericka,Gilbert
Elvin,Erika,Giles
Elvis,Erin,Gill
Emanuel,Eryn,Gillespie
Emerson,Esmeralda,Gilmore
Emiliano,Esperanza,Glass
Emilio,Essence,Glenn
Emmanuel,Estefania,Glover
Emmett,Esther,Golden
Enrique,Estrella,Gomez
Eric,Eva,Gonzales
Erick,Eve,Gonzalez
Erik,Evelyn,Good
Ernest,Fabiola,Goodman
Ernesto,Faith,Goodwin
Esteban,Fatima,Gordon
Estevan,Felicia,Gould
Ethan,Felicity,Graham
Eugene,Fernanda,Grant
Evan,Fiona,Graves
Everett,Frances,Gray
Ezekiel,Francesca,Green
Ezequiel,Gabriel,Greene
Ezra,Gabriela,Greer
Fabian,Gabriella,Gregory
Felipe,Gabrielle,Griffin
Felix,Genesis,Griffith
Fernando,Genevieve,Grimes
Fidel,Georgia,Gross
Forrest,Gianna,Guerra
Francesco,Gillian,Guerrero
Francis,Gina,Gutierrez
Francisco,Giovanna,Guzman
Frank,Giselle,Haas
Frankie,Gisselle,Hahn
Franklin,Gladys,Hale
Fred,Gloria,Haley
Freddie,Grace,Hall
Freddy,Gracie,Hamilton
Frederick,Graciela,Hammond
Fredrick,Greta,Hampton
Gabriel,Gretchen,Hancock
Gage,Guadalupe,Haney
Garett,Gwendolyn,Hanna
Garret,Hailee,Hansen
Garrett,Hailey,Hanson
Garrison,Haleigh,Hardin
Gary,Haley,Harding
Gaven,Halie,Hardy
Gavin,Halle,Harmon
Genaro,Hallie,Harper
Gene,Hana,Harrell
Geoffrey,Hanna,Harrington
George,Hannah,Harris
Gerald,Harley,Harrison
Gerard,Harmony,Hart
Gerardo,Haven,Hartman
German,Hayden,Harvey
Giancarlo,Haylee,Hatfield
Gianni,Hayley,Hawkins
Gilbert,Haylie,Hayden
Gilberto,Hazel,Hayes
Gino,Heather,Haynes
Giovanni,Heaven,Hays
Giovanny,Heidi,Heath
Glen,Helen,Hebert
Glenn,Helena,Henderson
Gonzalo,Hillary,Hendricks
Gordon,Holly,Hendrix
Grady,Hope,Henry
Graham,Hunter,Hensley
Grant,Iliana,Henson
Grayson,Imani,Herman
Gregory,India,Hernandez
Greyson,Infant,Herrera
Griffin,Ingrid,Herring
Guadalupe,Irene,Hess
Guillermo,Iris,Hester
Gunnar,Isabel,Hickman
Gunner,Isabela,Hicks
Gustavo,Isabella,Higgins
Guy,Isabelle,Hill
Hamza,Isis,Hines
Hans,Itzel,Hinton
Harley,Ivana,Ho
Harold,Ivy,Hobbs
Harrison,Izabella,Hodge
Harry,Jacey,Hodges
Hassan,Jacklyn,Hoffman
Hayden,Jaclyn,Hogan
Heath,Jacqueline,Holden
Hector,Jacquelyn,Holder
Henry,Jada,Holland
Herbert,Jade,Holloway
Heriberto,Jaden,Holmes
Herman,Jadyn,Holt
Hernan,Jaelyn,Hood
Holden,Jaida,Hooper
Houston,Jaiden,Hoover
Howard,Jailene,Hopkins
Hudson,Jaime,Horn
Hugh,Jakayla,Horne
Hugo,Jalyn,Horton
Humberto,Jamie,House
Hunter,Jana,Houston
Ian,Janae,Howard
Ibrahim,Jane,Howe
Ignacio,Janelle,Howell
Infant,Janessa,Huang
Irvin,Janet,Hubbard
Irving,Janette,Huber
Isaac,Janice,Hudson
Isai,Janie,Huerta
Isaiah,Jaqueline,Huff
Isaias,Jasmin,Huffman
Isiah,Jasmine,Hughes
Ismael,Jasmyn,Hull
Israel,Jaycee,Humphrey
Issac,Jayda,Hunt
Ivan,Jayden,Hunter
Izaiah,Jayla,Hurley
Jabari,Jaylene,Hurst
Jace,Jazlyn,Hutchinson
Jack,Jazmin,Huynh
Jackie,Jazmine,Ibarra
Jackson,Jazmyn,Ingram
Jacob,Jazmyne,Irwin
Jacoby,Jeanette,Jackson
Jade,Jena,Jacobs
Jaden,Jenifer,Jacobson
Jadon,Jenna,James
Jaiden,Jennifer,Jarvis
Jaime,Jenny,Jefferson
Jairo,Jesse,Jenkins
Jake,Jessica,Jennings
Jakob,Jessie,Jensen
Jaleel,Jewel,Jimenez
Jalen,Jill,Johns
Jalon,Jillian,Johnson
Jamal,Joanna,Johnston
Jamar,Joanne,Jones
Jamarcus,Jocelyn,Jordan
Jamari,Jocelyne,Joseph
Jamel,Jodi,Joyce
James,Joelle,Juarez
Jameson,Johanna,Kaiser
Jamie,Jordan,Kane
Jamil,Jordyn,Kaufman
Jamison,Joselyn,Keith
Jaquan,Josephine,Keller
Jared,Josie,Kelley
Jaren,Journey,Kelly
Jaret,Joy,Kemp
Jarod,Joyce,Kennedy
Jaron,Juana,Kent
Jarred,Juanita,Kerr
Jarrett,Judith,Key
Jarrod,Julia,Khan
Jarvis,Juliana,Kidd
Jason,Julianna,Kim
Jasper,Julianne,King
Javier,Julie,Kirby
Javon,Juliet,Kirk
Jaxon,Juliette,Klein
Jaxson,Julissa,Kline
Jay,Justice,Knapp
Jayce,Justina,Knight
Jayden,Justine,Knox
Jaydon,Kacey,Koch
Jaylan,Kaci,Kramer
Jaylen,Kacie,Krause
Jaylin,Kaela,Krueger
Jaylon,Kaelyn,Lam
Jayson,Kaila,Lamb
Jean,Kailee,Lambert
Jeff,Kailey,Landry
Jefferson,Kailyn,Lane
Jeffery,Kaitlin,Lang
Jeffrey,Kaitlyn,Lara
Jeremiah,Kaitlynn,Larsen
Jeremy,Kaleigh,Larson
Jermaine,Kaley,Lawrence
Jerome,Kali,Lawson
Jerrod,Kalie,Le
Jerry,Kallie,Leach
Jesse,Kalyn,Leblanc
Jessie,Kameron,Lee
Jesus,Kamryn,Leon
Jett,Kara,Leonard
Jimmie,Karen,Lester
Jimmy,Kari,Levine
Joaquin,Karina,Levy
Joe,Karissa,Lewis
Joel,Karla,Li
Joey,Karlee,Lin
Johan,Karley,Lindsey
John,Karli,Little
Johnathan,Karlie,Liu
Johnathon,Karly,Livingston
Johnnie,Kasandra,Lloyd
Johnny,Kasey,Logan
Jon,Kassandra,Long
Jonah,Kassidy,Lopez
Jonas,Kassie,Love
Jonathan,Katarina,Lowe
Jonathon,Kate,Lowery
Jordan,Katelin,Lozano
Jorden,Katelyn,Lucas
Jordi,Katelynn,Lucero
Jordon,Katharine,Luna
Jordy,Katherine,Lutz
Jorge,Kathleen,Lynch
Jose,Kathryn,Lynn
Josef,Kathy,Lyons
Joseph,Katia,Macdonald
Josh,Katie,Macias
Joshua,Katlin,Mack
Josiah,Katlyn,Madden
Josue,Katlynn,Maddox
Jovan,Katrina,Mahoney
Jovani,Katy,Maldonado
Jovany,Kaycee,Malone
Juan,Kayla,Mann
Judah,Kaylah,Manning
Jude,Kaylee,Marks
Julian,Kayleigh,Marquez
Julien,Kayley,Marsh
Julio,Kayli,Marshall
Julius,Kaylie,Martin
Junior,Kaylin,Martinez
Justice,Kaylyn,Mason
Justin,Kaylynn,Massey
Justus,Keara,Mata
Justyn,Keeley,Mathews
Juwan,Keely,Mathis
Kade,Kelley,Matthews
Kaden,Kelli,Maxwell
Kadin,Kellie,May
Kai,Kelly,Mayer
Kaleb,Kelsey,Maynard
Kameron,Kelsi,Mayo
Kamron,Kelsie,Mays
Kane,Kendal,Mcbride
Kareem,Kendall,Mccall
Karl,Kendra,Mccann
Karson,Kenia,Mccarthy
Kasey,Kennedi,Mccarty
Kayden,Kennedy,Mcclain
Keagan,Kenya,Mcclure
Keanu,Kenzie,Mcconnell
Keaton,Keri,Mccormick
Keegan,Kiana,Mccoy
Keenan,Kianna,Mccullough
Keith,Kiara,Mcdaniel
Kellen,Kiarra,Mcdonald
Kelly,Kiera,Mcdowell
Kelton,Kierra,Mcfarland
Kelvin,Kiersten,Mcgee
Kendall,Kiley,Mcgrath
Kendrick,Kimberly,Mcguire
Kennedy,Kinsey,Mcintosh
Kenneth,Kira,Mcintyre
Kenny,Kirsten,Mckay
Kent,Kirstin,Mckee
Kenyon,Kori,Mckenzie
Keon,Kourtney,Mckinney
Kerry,Krista,Mcknight
Keshawn,Kristen,Mclaughlin
Keven,Kristin,Mclean
Kevin,Kristina,Mcmahon
Kevon,Kristine,Mcmillan
Keyon,Kristy,Mcneil
Keyshawn,Krystal,Mcpherson
Khalid,Kyara,Meadows
Khalil,Kyla,Medina
Kieran,Kylee,Mejia
Kirk,Kyleigh,Melendez
Kobe,Kylie,Melton
Koby,Kyra,Mendez
Kody,Lacey,Mendoza
Kolby,Lacy,Mercado
Kole,Lana,Mercer
Kolton,Lara,Merritt
Korbin,Larissa,Meyer
Korey,Laura,Meyers
Kory,Laurel,Meza
Kristian,Lauren,Michael
Kristofer,Lauryn,Middleton
Kristopher,Layla,Miles
Kurt,Lea,Miller
Kurtis,Leah,Mills
Kylan,Leann,Miranda
Kyle,Leanna,Mitchell
Kyler,Leanne,Molina
Ladarius,Leila,Monroe
Lamar,Leilani,Montes
Lamont,Lena,Montgomery
Lance,Lesley,Montoya
Landen,Leslie,Moody
Landon,Lesly,Moon
Lane,Leticia,Mooney
Larry,Lexi,Moore
Latrell,Lexie,Mora
Lawrence,Lexus,Morales
Layne,Lia,Moran
Lee,Liana,Moreno
Leo,Lila,Morgan
Leon,Lilian,Morris
Leonard,Liliana,Morrison
Leonardo,Lillian,Morrow
Leonel,Lillie,Morse
Leroy,Lilly,Morton
Lester,Lily,Moses
Levi,Linda,Mosley
Lewis,Lindsay,Moss
Liam,Lindsey,Moyer
Lincoln,Lisa,Mueller
Lloyd,Lisette,Mullen
Logan,Lissette,Mullins
Lonnie,Lizbeth,Munoz
Lorenzo,Lizeth,Murillo
Louis,Lizette,Murphy
Lucas,Logan,Murray
Luciano,London,Myers
Luis,Loren,Nash
Lukas,Lorena,Navarro
Luke,Lori,Neal
Mackenzie,Lourdes,Nelson
Madison,Lucia,Newman
Malachi,Lucy,Newton
Malcolm,Luisa,Nguyen
Malik,Luz,Nichols
Manuel,Lydia,Nicholson
Marc,Lyndsey,Nielsen
Marcel,Lyric,Nixon
Marcelo,Macey,Noble
Marco,Maci,Nolan
Marcos,Macie,Norman
Marcus,Mackenzie,Norris
Mariano,Macy,Norton
Mario,Madalyn,Novak
Mark,Maddison,Nunez
Markel,Madeleine,Obrien
Markell,Madeline,Ochoa
Markus,Madelyn,Oconnell
Marlon,Madelynn,Oconnor
Marques,Madilyn,Odom
Marquez,Madisen,Odonnell
Marquis,Madison,Oliver
Marquise,Madisyn,Olsen
Marshall,Madyson,Olson
Martin,Maegan,Oneal
Marvin,Maeve,Oneill
Mason,Magdalena,Orozco
Mateo,Maggie,Orr
Mathew,Maia,Ortega
Matteo,Makala,Ortiz
Matthew,Makayla,Osborn
Maurice,Makenna,Osborne
Mauricio,Makenzie,Owen
Maverick,Malia,Owens
Max,Mallory,Pace
Maximilian,Mandy,Pacheco
Maximillian,Mara,Padilla
Maxwell,Maranda,Page
Mekhi,Marcela,Palmer
Melvin,Marcella,Park
Micah,Margaret,Parker
Michael,Margarita,Parks
Micheal,Maria,Parrish
Miguel,Mariah,Parsons
Mike,Mariam,Patel
Mikel,Mariana,Patrick
Miles,Marianna,Patterson
Milton,Maribel,Patton
Misael,Maricela,Paul
Mitchel,Marie,Payne
Mitchell,Mariela,Pearson
Mohamed,Marilyn,Peck
Mohammad,Marina,Pena
Mohammed,Marisa,Pennington
Moises,Marisol,Perez
Montana,Marissa,Perkins
Morgan,Maritza,Perry
Moses,Marlee,Peters
Moshe,Marlene,Petersen
Muhammad,Marley,Peterson
Myles,Martha,Petty
Myron,Martina,Pham
Nash,Mary,Phelps
Nasir,Mattie,Phillips
Nathan,Maura,Pierce
Nathanael,Maya,Pineda
Nathanial,Mayra,Pittman
Nathaniel,Mckayla,Pitts
Nathen,Mckenna,Pollard
Neal,Mckenzie,Ponce
Nehemiah,Meagan,Poole
Neil,Meaghan,Pope
Nelson,Megan,Porter
Nestor,Meghan,Potter
Nicholas,Melanie,Potts
Nick,Melina,Powell
Nickolas,Melinda,Powers
Nico,Melissa,Pratt
Nicolas,Melody,Preston
Nigel,Mercedes,Price
Nikhil,Meredith,Prince
Nikolas,Mia,Proctor
Noah,Micaela,Pruitt
Noe,Micah,Pugh
Noel,Michaela,Quinn
Nolan,Michele,Ramirez
Norman,Michelle,Ramos
Octavio,Mikaela,Ramsey
Oliver,Mikala,Randall
Omar,Mikayla,Randolph
Omari,Miracle,Rangel
Orion,Miranda,Rasmussen
Orlando,Mireya,Ray
Oscar,Miriam,Raymond
Osvaldo,Misty,Reed
Owen,Miya,Reese
Pablo,Mollie,Reeves
Paris,Molly,Reid
Parker,Monica,Reilly
Patrick,Monique,Reyes
Paul,Montana,Reynolds
Paxton,Morgan,Rhodes
Payton,Moriah,Rice
Pedro,Mya,Rich
Perry,Myah,Richard
Peter,Myra,Richards
Peyton,Nadia,Richardson
Philip,Nadine,Richmond
Phillip,Nancy,Riddle
Phoenix,Naomi,Riggs
Pierce,Natalia,Riley
Pierre,Natalie,Rios
Porter,Nataly,Ritter
Preston,Natasha,Rivas
Prince,Nathalie,Rivera
Quentin,Nautica,Rivers
Quincy,Nayeli,Roach
Quinn,Nia,Robbins
Quinten,Nichole,Roberson
Quintin,Nicole,Roberts
Quinton,Nicolette,Robertson
Raekwon,Nikita,Robinson
Rafael,Nikki,Robles
Raheem,Nina,Rocha
Rahul,Noelia,Rodgers
Ralph,Noelle,Rodriguez
Ramiro,Noemi,Rogers
Ramon,Nora,Rojas
Randall,Norma,Rollins
Randy,Nya,Roman
Raphael,Nyasia,Romero
Rashad,Odalis,Rosales
Rashawn,Odalys,Rosario
Raul,Olivia,Rose
Raven,Paige,Ross
Ray,Pamela,Roth
Raymond,Paola,Rowe
Raymundo,Paris,Rowland
Reagan,Parker,Roy
Reece,Patience,Rubio
Reed,Patricia,Ruiz
Reese,Paula,Rush
Reginald,Paulina,Russell
Reid,Payton,Russo
Reilly,Perla,Ryan
Remington,Peyton,Salas
Rene,Phoebe,Salazar
Reuben,Piper,Salinas
Rey,Precious,Sampson
Reynaldo,Presley,Sanchez
Rhett,Princess,Sanders
Ricardo,Priscilla,Sandoval
Richard,Quinn,Sanford
Rick,Rachael,Santana
Rickey,Rachel,Santiago
Ricky,Rachelle,Santos
Rigoberto,Raegan,Saunders
Riley,Raina,Savage
River,Randi,Sawyer
Robert,Raquel,Schaefer
Roberto,Raven,Schmidt
Robin,Rayna,Schmitt
Roderick,Reagan,Schneider
Rodney,Reanna,Schroeder
Rodolfo,Rebeca,Schultz
Rodrigo,Rebecca,Schwartz
Rogelio,Rebekah,Scott
Roger,Regan,Sellers
Rohan,Regina,Serrano
Roland,Reilly,Sexton
Rolando,Reina,Shaffer
Roman,Renee,Shah
Romeo,Reyna,Shannon
Ronald,Rhiannon,Sharp
Ronaldo,Riley,Shaw
Ronnie,Rita,Shea
Rory,Robin,Shelton
Ross,Robyn,Shepard
Rowan,Rochelle,Shepherd
Roy,Rocio,Sheppard
Royce,Rosa,Sherman
Ruben,Rose,Shields
Rudy,Rosemary,Short
Russell,Roxanne,Silva
Ryan,Ruby,Simmons
Ryder,Ruth,Simon
Rylan,Ryan,Simpson
Sage,Ryann,Sims
Salvador,Rylee,Singh
Salvatore,Ryleigh,Singleton
Sam,Rylie,Skinner
Samir,Sabrina,Sloan
Sammy,Sadie,Small
Samson,Sage,Smith
Samuel,Saige,Snow
Santiago,Sally,Snyder
Santos,Salma,Solis
Saul,Samantha,Solomon
Savion,Samara,Sosa
Sawyer,Sandra,Soto
Scott,Sandy,Sparks
Seamus,Sara,Spears
Sean,Sarah,Spence
Sebastian,Sarai,Spencer
Semaj,Sarina,Stafford
Sergio,Sasha,Stanley
Seth,Savana,Stanton
Shamar,Savanah,Stark
Shane,Savanna,Steele
Shannon,Savannah,Stein
Shaun,Scarlett,Stephens
Shawn,Selena,Stephenson
Shayne,Selina,Stevens
Shea,Serena,Stevenson
Shelby,Serenity,Stewart
Sheldon,Shaina,Stokes
Shemar,Shakira,Stone
Sidney,Shana,Stout
Silas,Shania,Strickland
Simeon,Shanice,Strong
Simon,Shaniya,Stuart
Skylar,Shannon,Suarez
Skyler,Sharon,Sullivan
Solomon,Shauna,Summers
Sonny,Shawna,Sutton
Spencer,Shayla,Swanson
Stanley,Shaylee,Sweeney
Stefan,Shayna,Tanner
Stephan,Shea,Tapia
Stephen,Sheila,Tate
Stephon,Shelbi,Taylor
Sterling,Shelbie,Terrell
Steve,Shelby,Terry
Steven,Shianne,Thomas
Stone,Shirley,Thompson
Stuart,Shyann,Thornton
Syed,Shyanne,Todd
Tahj,Shyla,Torres
Talon,Sidney,Townsend
Tanner,Sienna,Tran
Tariq,Sierra,Travis
Tate,Silvia,Trevino
Tavion,Simone,Trujillo
Taylor,Sky,Tucker
Terence,Skye,Turner
Terrance,Skyla,Tyler
Terrell,Skylar,Underwood
Terrence,Skyler,Valdez
Terry,Sofia,Valencia
Tevin,Sonia,Valentine
Thaddeus,Sonya,Valenzuela
Theodore,Sophia,Vance
Thomas,Sophie,Vang
Timothy,Stacey,Vargas
Titus,Stacy,Vasquez
Tobias,Starr,Vaughan
Toby,Stefanie,Vaughn
Todd,Stella,Vazquez
Tomas,Stephanie,Vega
Tommy,Stephany,Velasquez
Tony,Summer,Velazquez
Trace,Susan,Velez
Tracy,Susana,Villa
Trae,Suzanne,Villanueva
Travis,Sydnee,Villarreal
Travon,Sydney,Villegas
Tre,Sydni,Vincent
Trent,Sydnie,Wade
Trenton,Sylvia,Wagner
Trever,Tabitha,Walker
Trevion,Talia,Wall
Trevon,Tamara,Wallace
Trevor,Tamera,Waller
Trey,Tamia,Walls
Treyvon,Tania,Walsh
Tristan,Tanya,Walter
Tristen,Tara,Walters
Tristian,Taryn,Walton
Tristin,Tatiana,Wang
Triston,Tatianna,Ward
Troy,Tatum,Ware
Tucker,Tatyana,Warner
Turner,Tatyanna,Warren
Ty,Taya,Washington
Tyler,Tayler,Waters
Tylor,Taylor,Watkins
Tyquan,Teagan,Watson
Tyree,Teresa,Watts
Tyreek,Tess,Weaver
Tyreese,Tessa,Webb
Tyrek,Thalia,Weber
Tyreke,Theresa,Webster
Tyrell,Tia,Weeks
Tyrese,Tiana,Weiss
Tyriq,Tianna,Welch
Tyrique,Tiara,Wells
Tyron,Tierra,Werner
Tyrone,Tiffani,West
Tyshawn,Tiffany,Wheeler
Tyson,Tina,Whitaker
Ulises,Toni,White
Ulysses,Tori,Whitehead
Uriel,Tracy,Whitney
Valentin,Trinity,Wiggins
Vance,Trisha,Wilcox
Vaughn,Tyler,Wiley
Vernon,Tyra,Wilkerson
Vicente,Unique,Wilkins
Victor,Valentina,Wilkinson
Vincent,Valeria,Williams
Wade,Valerie,Williamson
Walker,Vanesa,Willis
Walter,Vanessa,Wilson
Warren,Veronica,Winters
Wayne,Victoria,Wise
Wesley,Violet,Wolf
Weston,Virginia,Wolfe
Will,Vivian,Wong
William,Viviana,Wood
Willie,Wendy,Woodard
Wilson,Whitney,Woods
Winston,Willow,Woodward
Wyatt,Yadira,Wright
Xander,Yasmeen,Wu
Xavier,Yasmin,Wyatt
Yosef,Yasmine,Yang
Zachariah,Yazmin,Yates
Zachary,Yesenia,Yoder
Zachery,Yessenia,York
Zackary,Yolanda,Young
Zackery,Yvette,Yu
Zaire,Yvonne,Zamora
Zakary,Zaria,Zavala
Zane,Zoe,Zhang
Zechariah,Zoey,Zimmerman
Zion,Zoie,Zuniga
